{
    "posts": [
        {
            "userId": 1,
            "id": 1,
            "title": "sunt aut facere repellat provident occaecati excepturi optio reprehenderit",
            "body": "quia et suscipit suscipit recusandae consequuntur expedita et cum reprehenderit molestiae ut ut quas totam nostrum rerum est autem sunt rem eveniet architecto"
        },
        {
            "userId": 1,
            "id": 2,
            "title": "qui est esse",
            "body": "est rerum tempore vitae sequi sint nihil reprehenderit dolor beatae ea dolores neque fugiat blanditiis voluptate porro vel nihil molestiae ut reiciendis qui aperiam non debitis possimus qui neque nisi nulla"
        },
        {
            "userId": 1,
            "id": 3,
            "title": "ea molestias quasi exercitationem repellat qui ipsa sit aut",
            "body": "et iusto sed quo iure voluptatem occaecati omnis eligendi aut ad voluptatem doloribus vel accusantium quis pariatur molestiae porro eius odio et labore et velit aut"
        },
        {
            "userId": 2,
            "id": 4,
            "title": "eum et est occaecati",
            "body": "ullam et saepe reiciendis voluptatem adipisci sit amet autem assumenda provident rerum culpa quis hic commodi nesciunt rem tenetur doloremque ipsam iure quis sunt voluptatem rerum illo velit"
        },
        {
            "userId": 2,
            "id": 5,
            "title": "nesciunt quas odio",
            "body": "repudiandae veniam quaerat sunt sed alias aut fugiat sit autem sed est voluptatem omnis possimus esse voluptatibus quis est aut tenetur dolor neque"
        },
        {
            "userId": 2,
            "id": 6,
            "title": "dolorem eum magni eos aperiam quia",
            "body": "ut aspernatur corporis harum nihil quis provident sequi mollitia nobis aliquid molestiae perspiciatis et ea nemo ab reprehenderit accusantium quas voluptate dolores velit et doloremque molestiae"
        },
        {
            "userId": 3,
            "id": 7,
            "title": "magnam facilis autem",
            "body": "dolore placeat quibusdam ea quo vitae magni quis enim qui quis quo nemo aut saepe quidem repellat excepturi ut quia sunt ut sequi eos ea sed quas"
        },
        {
            "userId": 3,
            "id": 8,
            "title": "dolorem dolore est ipsam",
            "body": "dignissimos aperiam dolorem qui eum facilis quibusdam animi sint suscipit qui sint possimus cum quaerat magni maiores excepturi ipsam ut commodi dolor voluptatum modi aut vitae"
        },
        {
            "userId": 3,
            "id": 9,
            "title": "nesciunt iure omnis dolorem tempora et accusantium",
            "body": "consectetur animi nesciunt iure dolore enim quia ad veniam autem ut quam aut nobis et est aut quod aut provident voluptas autem voluptas"
        },
        {
            "userId": 4,
            "id": 10,
            "title": "optio molestias id quia eum",
            "body": "quo et expedita modi cum officia vel magni doloribus qui repudiandae vero nisi sit quos veniam quod sed accusamus veritatis error"
        },
        {
            "userId": 4,
            "id": 11,
            "title": "et ea vero quia laudantium autem",
            "body": "delectus reiciendis molestiae occaecati non minima eveniet qui voluptatibus accusamus in eum beatae sit vel qui neque voluptates ut commodi qui incidunt ut animi commodi"
        },
        {
            "userId": 4,
            "id": 12,
            "title": "in quibusdam tempore odit est dolorem",
            "body": "itaque id aut magnam praesentium quia et ea odit et ea voluptas et sapiente quia nihil amet occaecati quia id voluptatem incidunt ea est distinctio odio"
        }
    ],
    "users": [
        {
            "id": 1,
            "name": "Leanne Graham",
            "email": "Sincere@april.biz",
            "image": "https://s3.amazonaws.com/uifaces/faces/twitter/albertaugustin/128.jpg"
        },
        {
            "id": 2,
            "name": "Ervin Howell",
            "email": "Shanna@melissa.tv",
            "image": "https://s3.amazonaws.com/uifaces/faces/twitter/angelceballos/128.jpg"
        },
        {
            "id": 3,
            "name": "Clementine Bauch",
            "email": "Nathan@yesenia.net",
            "image": "https://s3.amazonaws.com/uifaces/faces/twitter/blakesimkins/128.jpg"
        },
        {
            "id": 4,
            "name": "Patricia Lebsack",
            "email": "Julianne.OConner@kory.org",
            "image": "https://s3.amazonaws.com/uifaces/faces/twitter/isnifer/128.jpg"
        }
    ]
}
